email,user_id,website
roofplumbing1@outlook.com,1852,http://topnotchroofing.com.au
cryoprep011@outlook.com,1851,https://www.cryoprep.com/
vitamassage2023@outlook.com,1850,https://www.vitachiropractic.com.au/
willbuild333@outlook.com,1849,https://will-build-builder-carpenter.business.site/
e1poolcertifier02@outlook.com,1848,https://e1poolcertifier.com/
KinesiologytheraPy@outlook.com,1847,https://charmaineiversen.com.au/
superiorfencing1@outlook.com,1846,http://superiorfencing.com.au
w0rdofmouth@outlook.com,1845,https://wordofmouthglobal.com/
industrialsteel01@outlook.com,1844,https://www.industrialsteel.com.au/
Mlagocelebrant01@outlook.com,1843,http://celebrantmissionbeach.com.au
figjampainting@outlook.com,1842,https://figjam-painting-residential-commercial-painter-coffs.business.site/?m=true
kibbyncooper@outlook.com,1841,https://www.kibbeycooper.com.au/
artandyou021@outlook.com,1840,http://artandyou.com.au/
ghcbuilding@outlook.com,1839,https://www.ghcbuilding.com/
s.c.e.d01@outlook.com,1838,http://sced.com.au/
soulalch3mist@outlook.com,1837,https://thesoulalchemist.com.au/
wisehealthlena1@outlook.com,1836,http://www.wisehealth.com.au/
conveancinglanne@outlook.com,1835,https://www.lanneconveyancing.com.au/
awesomepawsome1@outlook.com,1834,https://www.awesomepawsome.com.au/
quickfreeze2022@outlook.com,1833,https://quickfreeze.au/
samanthamellingmassagetherapies@outlook.com,1832,http://samanthamellingmassagetherapies.com.au
IcepOwer01@outlook.com,1831,https://www.icepower.com.au/
perthcremaations03@outlook.com,1830,http://perthcremationswa.com.au
starmiststudio@outlook.com,1829,https://soundequipmentmelbourne.com.au/
lasantenna@outlook.com,1828,https://www.lasvisionplus.com.au/
kanvaskraft@outlook.com,1827,http://www.kanvaskraft.com.au
grothconstruct@outlook.com,1826,https://www.grothconstruct.com/
aussiediscreetstoreau@outlook.com,1825,https://aussiediscreetstore.com/
centralcoastshutters@outlook.com,1824,http://www.centralcoastshuttersblindsandawnings.com.au/
autoelectrician2u@outlook.com,1823,http://www.autoelectrician2u.com.au/
kerwinhomes01@outlook.com,1822,http://kerwinhomes.com.au
Lance.Lucas023@outlook.com,1821,http://www.garmischfabrications.com.au/
beachsfamilycentre@outlook.com,1820,https://www.beachstherapy.com.au
laxmitheraphy00@outlook.com,1819,https://maitriclinic.com/
suzannecelebrant@outlook.com,1818,https://yourceremony.net.au
sweenselectrical@outlook.com,1817,
munnopara5114@outlook.com,1816,https://munnoparaconcrete.com.au/
julieritch001@outlook.com,1815,https://www.julieritch.com.au/
bridgetwalchcivilceleb06@outlook.com,1814,https://www.celebranttasmania.com/
lisawuwedding1@outlook.com,1813,https://janela35.wixsite.com/lisaweddingservices
paradisemarriage@outlook.com,1812,http://paradisemarriages.com
creativebl0ck@outlook.com,1811,http://creativeblockspsychology.com.au/
warragambaplumbing@outlook.com,1810,
MaryAnnHoltCelebrant@outlook.com,1809,https://mary-ann-holt-celebrant-wedding-ceremonies.business.site/
adrian.bromage@metunghotsprings.com,1808,http://www.metunghotsprings.com/metung-country-club
manager@queenscliffgolfclub.com.au,1807,http://www.queenscliffgolfclub.com.au/
accommodations-ext@fb.com,1806,https://www.facebook.com/www.golfclubtumba.com.au/
hospitality@beaconhillsgolf.com.au,1805,http://www.beaconhillsgolf.com.au/
enquiries@cottesloegc.com,1804,http://www.cottesloegc.com/welcome/index.mhtml
proshop@neangarparkgc.com,1803,http://www.neangarparkgc.com/
functions@asquithgolfclub.com.au,1802,http://asquithgolfclub.com.au/
highercombe@oncoursegolf.com.au,1801,http://www.highercombegolf.com.au/
reception@bayviewgolfclub.com.au,1800,http://www.bayviewgolfclub.com.au/
inverleighdiscgolf@gmail.com,1799,http://inverleighgolfclub.asn.au/
office@barnwellparkgolfclub.com.au,1798,http://www.barnwellparkgolfclub.com.au/
admin@nswgolfclub.com.au,1797,http://www.nswgolfclub.com.au/
info@rowesbaygolfclub.com.au,1796,http://www.rowesbaygolfclub.com.au/?utm_source=google&utm_medium=organic&utm_campaign=gmb
golfshop@eastwoodgolf.com.au,1795,https://eastwoodgolf.com.au/
cooberpedygolfclub@gmail.com,1794,http://www.cooberpedygolfclub.com.au/
manager@sheppartongolf.net.au,1793,http://www.sheppartongolf.net.au/
womenscaptain@moegolfclub.com.au,1792,http://www.moegolfclub.com.au/
golfoperations@golf.org.au,1791,https://www.golf.org.au/?utm_source=gmb&utm_medium=organic&utm_campaign=gmb
admin@humptydoogolfclub.com.au,1790,https://www.humptydoogolfclub.com.au/
events@terreyhillsgolf.com.au,1789,http://www.terreyhillsgolf.com.au/
functions@armidalegolf.com.au,1788,http://www.armidalegolf.com.au/
clinic@mainstreetdentureclinic.com.au,1787,http://www.devilbendgolf.com.au/
operations@portmacquariegolf.com.au,1786,http://portmacquariegolf.com.au/
front.desk@fairmontresort.com.au,1785,http://www.leuragolfclub.com.au/
info@jamberooresort.com.au,1784,https://jamberoogolf.com.au/
functions2@richriver.com.au,1783,http://www.richriver.com.au/
accommodations-ext@fb.com,1782,http://www.facebook.com/moranbahgolfclub
operations@rfgc.com.au,1781,http://www.royalfremantlegc.com.au/
christopherblair@bigpond.com,1780,http://www.cheltenhamgolf.com.au/
   heath@boxhillgolfclub.com.au,1779,http://www.boxhillgolfclub.com.au/?utm_source=GMB&utm_medium=GMB&utm_campaign=GMB
admin@ftgc.com.au,1778,https://forstertuncurrygolf.com.au/
r.m.d.industries@hotmail.com,1777,http://www.sandygallop.com.au/
Enquiries@penfieldgolfclub.com.au,1776,http://penfieldgolfclub.com.au/
info@hetheringtonplumbing.com.au,1775,http://www.howlonggolf.com.au/
info@windaroolakes.com.au,1774,http://www.windaroolakes.com.au/
jodie@nudgeegolf.com.au,1773,http://www.nudgeegolf.com.au/
proshop@redcliffegolf.com,1772,http://redcliffegolf.com/
camden@camdengolfclub.com.au,1771,http://www.camdengolfclub.com.au/
hirestaurants@hamiltonisland.com.au,1770,http://www.hamiltonisland.com.au/bars-and-clubs/clubhouse-restaurant
membership@theridgegolf.com.au,1769,http://theridgegolf.com.au/
admin@meadowpark.com.au,1768,https://meadowpark.com.au/
secretary@port.golf,1767,http://www.port.golf/
info@ouyengolfclub.com.au,1766,http://www.ouyengolfclub.com.au/
admin@wgc.net.au,1765,https://www.wgc.net.au/cms/
John.Cutler@sccu.com.au,1764,http://www.murwillumbahgolfclub.com.au/
gkilby@aehretirement.com.au,1763,http://aehgroup.com.au/shop
reception@cranbournegolf.com.au,1762,http://www.cranbournegolf.com.au/
golfshop@portkemblagolfclub.com.au,1761,http://www.portkemblagolfclub.com.au/
admin@lonsdalelinks.com.au,1760,http://www.lonsdalelinks.com.au/
BoatHarbourJettyBnB@bigpond.com,1759,http://www.inverlochpar3.com.au/
admin@swanreachgolfclub.com.au,1758,https://swanreachgolfclub.com.au/
admin@hamiltongolfclub.com.au,1757,http://hamiltongolfclub.com.au/
info@camdenlakeside.com.au,1756,http://www.camdenlakeside.com.au/
reception@brightonlakesrgc.com.au,1755,http://www.brightonlakesrgc.com.au/
golfmembership@sandhurst.com,1754,http://www.sandhurst.com/
captain@mtderrimut.com.au,1753,https://mtderrimut.com.au/
travel@ausgolf.com.au,1752,http://www.ausgolf.com.au/guide/club/MountainVistaGolfClub
members@rosnaygolfclub.com.au,1751,http://rosnaygolfclub.com.au/
admin@adminlaidleygolfclub.com.au,1750,http://www.laidley-golfclub.com/#!home/mainPage
ladysecretary@cerberusgolfclub.com.au,1749,http://cerberusgolfclub.com.au/
proshop@eastlakegolfclub.com.au,1748,http://www.moruyagolfclub.com.au/
sussexgolf@shoalhaven.net.au,1747,https://sussexinletgolfclub.com.au/
proshop@claremontgolf.com.au,1746,http://www.claremontgolf.com.au/
bookings@casinogolfclub.com.au,1745,http://www.casinogolfclub.com.au/
club@bairnsdalegolf.com.au,1744,http://www.bairnsdalegolf.com.au/
scottberry@ipswichgolfdrivingrange.com.au,1743,https://www.brgc.com.au/
admin@northwestbaygolfclub.com.au,1742,http://northwestbaygolfclub.com.au/
reception@midlandsgolfclub.com.au,1741,https://www.midlandsgolfclub.com.au/?utm_source=google&utm_medium=organic&utm_campaign=Google My Business Page
enquiries@springvalleygolf.com.au,1740,https://tasmaniagolfclub.com.au/
info@springwoodgolfclub.com.au?subject=New membership - pay by the month!&bcc=manager@springwoodgolfclub.com.au,1739,http://www.springwoodgolfclub.com.au/
golfoperations@portseagolf.com.au,1738,http://portseagolf.com.au/
functions@yambagolf.com.au,1737,http://yambagolf.com.au/
birdiebistro.southlakes@gmail.com,1736,http://www.southlakesgolf.com.au/
steven.grimmitt@gmail.com,1735,http://www.shellybeachgolfclub.com.au/
accommodations-ext@fb.com,1734,https://www.facebook.com/WarrenGolfClub/
admin@pinjarragolf.com.au,1733,https://www.pinjarragolf.com.au/cms/
tom@kingstonheath.melbourne,1732,http://www.kingstonheath.melbourne/
administrator@kooyongagolf.com.au,1731,http://www.kooyongagolf.com.au/cms/
contact@fostergolfclub.com.au,1730,https://fostergolfclub.com.au/
jobrien@pgamember.org.au,1729,https://www.parkesgolf.com.au/
secretary@wynyardgolfclub.com.au,1728,http://www.wynyardgolfclub.com.au/
info@whitsundaygreen.com.au,1727,http://whitsundaygreen.com.au/
housemanager@wagolfclub.com.au,1726,http://www.wagolfclub.com.au/
hijkglaister@bigpond.com,1725,http://hbgcc.com.au/
privacy.officer@rsgc.com.au,1724,http://www.rsgc.com.au/
functions@namgolf.com,1723,http://www.namgolf.com/
steven.grimmitt@gmail.com,1722,http://www.shellybeachgolfclub.com.au/
athertongolf@bigpond.com,1721,http://athertongolf.com.au/
membership@mossvalegolfclub.com.au,1720,http://www.mossvalegolfclub.com.au/
capital.bookings@canberragolf.com.au ,1719,http://www.canberragolf.com.au/
marketing@emusportsclub.com.au,1718,http://www.emusports.club/
admingc@campbelltowngolfclub.com.au,1717,http://campbelltowngolfclub.com.au/
membership@twincreeks.com.au,1716,http://www.twincreeksgolf.com.au/
membership@yarrayarra.com.au,1715,http://www.yarrayarra.com.au/
course@tocumwalgolf.com,1714,http://www.clubtocumwal.com/
wellingtongolf@bigpond.com,1713,http://www.wellingtongc.com.au/
info@golfqueensland.org.au,1712,http://www.keperragolf.com.au/
admin@tamworthgolfclub.com.au,1711,http://tamworthgolfclub.com.au/
accommodation@victoriagolf.com.au,1710,http://www.victoriagolf.com.au/
gailes@gailesgolf.com.au,1709,https://gailesgolf.com.au/
accommodations-ext@fb.com,1708,https://www.facebook.com/quairadinggolfclub/
highlandsproshop@outlook.com,1707,http://www.highlandsgolfclub.com.au/
accommodations-ext@fb.com,1706,https://www.facebook.com/RoxbyDownsGC/about
info@tamborinegolfcourse.com.au,1705,https://www.tamborinemountaingolfclub.com.au/
admin@kooringalgolf.com.au,1704,http://www.kooringalgolf.com.au/
scorecards@emajingolf.com,1703,https://emajin.golf/
proshop@mligolfclub.com.au,1702,http://www.macquarielinksgolfclub.com.au/
manager@barossavalleygolf.com.au,1701,https://www.barossavalleygolf.com.au/
admin@wyongleagues.com.au,1700,https://safetybeachgolf.com.au/
info@tallaigolf.com.au,1699,http://www.tallaigolf.com.au/
golf@yaralla.com.au,1698,http://yaralla.com.au/golf-club/
info@boonahgolfclub.com,1697,http://www.boonahgolfclub.com.au/
admin@georgesrivergolf.com.au,1696,http://georgesrivergolf.com.au/
functions@waverleygolfclub.com.au,1695,http://www.waverleygolfclub.com.au/
golfshop@pigc.com.au,1694,http://pigc.com.au/
golf@windsorrsl.com.au,1693,http://www.windsorgolfclub.com.au/
functions@mackaygolf.com.au,1692,http://www.mackaygolf.com.au/
to￼support@perform.golf,1691,http://www.wadehoopergolf.com/
proshop@katherinecountryclub.com.au,1690,http://www.katherinecountryclub.com.au/
whittleseafunctioncentre@outlook.com,1689,http://www.whittleseagolfclub.com.au/
prostongolf@gmail.com,1688,https://prostongolfclub.org.au/
olivia.wilson@golfnsw.org.au,1687,http://www.golfnsw.org.au/
memberhsip@cairnsgolfclub.com.au,1686,http://www.cairnsgolfclub.com.au/
info@albertparkwomensgolf.club,1685,http://albertparkwomensgolf.club/contact-us/
Membership@WynnumGolf.com.au,1684,https://wynnumgolf.com.au/
admin@morningtongolf.com.au,1683,http://www.morningtongolf.com.au/
scorecards@thesocialgolfclub.com.au,1682,http://www.thesocialgolfclub.com.au/
info@gordongolfclub.com.au,1681,http://www.gordongolfcourse.com.au/
proshop@northrydegolfclub.com.au,1680,http://northrydegolfclub.com.au/
email@geraldtongolfclub.com.au,1679,http://www.geraldtongolfclub.com.au/
accommodations-ext@fb.com,1678,https://www.facebook.com/Oberon-Golf-Club-627918760645380/
louis.baumann@gmail.com,1677,http://www.balgowlahgolfclub.com.au/
sportsbar@ranfurlie.com.au,1676,https://www.ranfurlie.com.au/
toongabbie.mechanics.institute@gmail.com,1675,https://toongabbie.vic.au/golf-club/
barmanager@oxleygolfclub.com.au,1674,http://www.oxleygolfclub.com.au/
events@chcc.com.au,1673,http://www.castlehillcountryclub.com.au/cms/
admin@riversidegolfclubmildura.com.au,1672,https://www.ttggolfclub.com.au/
meeniyangolfclub@meeniyangolfclub.com.au,1671,http://meeniyangolf.com.au/
admin@safetybeachcountryclub.com.au,1670,https://safetybeachcountryclub.com.au/
enquiries@hiddenvalleyresort.com.au,1669,http://www.hiddenvalleyresort.com.au/
rmcgc@bigpond.com,1668,http://www.rmcgc.com.au/
webmaster@noosavalleycountryclub.com.au,1667,http://www.noosavalleycountryclub.com.au/
manager@maroochyrivergolfclub.com.au,1666,https://maroochyrivergolfclub.com.au/
sales@batterywise.com.au,1665,http://www.batterywise.com.au/
tamoshantergolfclub@bigpond.com,1664,http://tamoshantergolfclub.com.au/
manager.titirangi@golf.co.nz,1663,http://www.kewgolfclub.com.au/
reception@corowagolfclub.com.au,1662,https://corowagolfclub.com.au/
corporatecompliance@callawaygolf.com,1661,http://www.callawaygolf.com/
reception@wallaciacountryclub.com.au,1660,https://www.wallaciacountryclub.com.au/
manager@moreegolfclub.com.au,1659,http://moreegolfclub.com.au/
info@hilltopgolfclub.com.au,1658,http://www.hilltopgolfclub.com.au/
wallaroogolfclub@gmail.com,1657,https://www.wallaroogolfclub.org/
sales@virginiagolf.com.au,1656,http://www.virginiagolf.com.au/
scorecards@emajingolf.com,1655,https://emajin.golf/
maldongolf4u@gmail.com,1654,https://maldongolfclub.com.au/?page_id=67
info@oceanshoresmotel.com.au,1653,http://www.mullumgolf.com.au/
enquiries@begacountryclub.com.au,1652,http://begacountryclub.net.au/
budgetcustomerservice@budgetgroup.com,1651,https://www.budget.com.au/en/locations/au/wa/broome/bm8?utm_source=gmb&utm_medium=organic&utm_campaign=broome-airport
reservations@avis.com.ar,1650,https://www.avis.com.au/en/locations/au/wa/broome/bme?utm_source=gmb&utm_medium=organic&utm_campaign=broome-airport
ecau-sales.support@europcar.com,1649,https://www.europcar.com.au/en-au/stations/australia/broome-airport?utm_campaign=BMET01&utm_medium=organic&utm_source=local
adelaideairport@simbacarhire.com.au,1648,http://www.simbacarhire.com.au/
budgetcustomerservice@budgetgroup.com,1647,https://www.budget.com.au/en/locations/au/ns/narrabri/na2?utm_source=GMB&utm_medium=organic&utm_campaign=Narrabri-Downtown
franchisesupport@thrifty.com.au,1646,https://www.thrifty.com.au/locations/wonthaggi?utm_medium=organic&utm_source=google&utm_campaign=gmb&utm_content=wonthaggi_downtown
info@barossavehiclerental.com.au,1645,https://www.barossavehiclerental.com.au/
ecau-sales.support@europcar.com,1644,https://www.europcar.com.au/en-au/stations/australia/sydney-city?utm_campaign=SYDC01&utm_medium=organic&utm_source=local
franchisesupport@thrifty.com.au,1643,https://www.thrifty.com.au/locations/lithgow?utm_medium=organic&utm_source=google&utm_campaign=gmb&utm_content=lithgow_downtown
franchisesupport@thrifty.com.au,1642,https://www.thrifty.com.au/locations/melbourne-airport?utm_medium=organic&utm_source=google&utm_campaign=gmb&utm_content=melbourne_airport
reservations@avis.com.ar,1641,https://www.avis.com.au/en/locations/au/ns/merimbula/mim?utm_source=gmb&utm_medium=organic&utm_campaign=merimbula-airport
perth@corefleet.com.au,1640,http://www.corefleet.com.au/
hertz-gsa@martin.com.tw,1639,https://www.hertz.com.au/rentacar/location/australia/newsouthwales/griffith/GFFC60?utm_campaign=gmb-Hertz-Car-Rental---Griffith-Downtown&utm_medium=gmb-websitelink&utm_source=Google
budgetcustomerservice@budgetgroup.com,1638,https://www.budget.com.au/en/locations/au/nt/alice-springs/asp?utm_source=gmb&utm_medium=organic&utm_campaign=alice-springs-airport
ecau-sales.support@europcar.com,1637,https://www.europcar.com.au/en-au/stations/australia/alice-springs-airport?utm_campaign=ASPT01&utm_medium=organic&utm_source=local
franchisesupport@thrifty.com.au,1636,https://www.thrifty.com.au/locations/alice-springs-airport?utm_medium=organic&utm_source=google&utm_campaign=gmb&utm_content=alicesprings_airport
customer.service@ehiglobal.co.nz,1635,https://www.enterpriserentacar.com.au/en/car-rental/locations/australia/northern-territory/alice-springs-airport-kamb.html?mcid=yext:245709&utm_source=google&utm_medium=organic&utm_campaign=local&utm_content=ASPT61
hertz-gsa@martin.com.tw,1634,https://www.hertz.com.au/rentacar/location/australia/newsouthwales/albury/ABXC60?utm_campaign=gmb-Hertz-Car-Rental---Albury-Downtown&utm_medium=gmb-websitelink&utm_source=Google
info@jetsetter.com.au,1633,http://www.jetsetter.com.au/
Operaciones@alamopanama.com,1632,https://www.alamo.com/en/car-rental-locations/au/ceduna-airport-kame.html?mcid=yext:245709
customer.service@national.cr,1631,https://www.nationalcar.com/en/car-rental/locations/au/ceduna-airport-kamg.html?mcid=yext:245709
customer.service@ehiglobal.co.nz,1630,https://www.enterpriserentacar.com.au/en/car-rental/locations/australia/south-australia/ceduna-airport-kamf.html?mcid=yext:245709&utm_source=google&utm_medium=organic&utm_campaign=local&utm_content=CEDT61
budgetcustomerservice@budgetgroup.com,1629,https://www.budget.com.au/en/locations/au/ns/dubbo/dbo?utm_source=gmb&utm_medium=organic&utm_campaign=dubbo-airport
reservations@avis.com.ar,1628,https://www.avis.com.au/en/locations/au/ns/hamilton-north/nws?utm_source=gmb&utm_medium=organic&utm_campaign=newcastle
hertz-gsa@martin.com.tw,1627,https://www.hertz.com.au/rentacar/location/australia/victoria/wonthaggi/TGNW01?utm_campaign=gmb-Hertz-Car-Rental---Wonthaggi-Downtown&utm_medium=gmb-websitelink&utm_source=Google
hertz-gsa@martin.com.tw,1626,https://www.hertz.com.au/rentacar/location/australia/newsouthwales/moree/MRZT50?utm_campaign=gmb-Hertz-Car-Rental---Moree-Airport&utm_medium=gmb-websitelink&utm_source=Google
budgetcustomerservice@budgetgroup.com,1625,https://www.budget.com.au/en/locations/au/ns/moree/mrz?utm_source=gmb&utm_medium=organic&utm_campaign=moree-airport
franchisesupport@thrifty.com.au,1624,https://www.thrifty.com.au/locations/moranbah-airport?utm_medium=organic&utm_source=google&utm_campaign=gmb&utm_content=moranbah_airport
perth@corefleet.com.au,1623,http://www.corefleet.com.au/
reservations@avis.com.ar,1622,https://www.avis.com.au/en/locations/au/ac/braddon/fg5?utm_source=gmb&utm_medium=organic&utm_campaign=canberra-downtown
franchisesupport@thrifty.com.au,1621,https://www.thrifty.com.au/locations/mitchell-downtown?utm_medium=organic&utm_source=google&utm_campaign=gmb&utm_content=mitchell_downtown
customer.service@ehiglobal.co.nz,1620,https://www.enterpriserentacar.com.au/en/car-rental/locations/australia/australian-capital-territory/gungahlin-kav5.html?mcid=yext:245709&utm_source=google&utm_medium=organic&utm_campaign=local&utm_content=CBRN63
evolutionhire@optusnet.com.au,1619,https://www.evolutioncarhire.com/
reservations@avis.com.ar,1618,https://www.avis.com.au/en/locations/au/ql/mackay/mky?utm_source=gmb&utm_medium=organic&utm_campaign=east-mackay-airport
franchisesupport@thrifty.com.au,1617,https://www.thrifty.com.au/locations/maitland-downtown?utm_medium=organic&utm_source=google&utm_campaign=gmb&utm_content=maitland_downtown
reservations@avis.com.ar,1616,https://www.avis.com.au/en/locations/au/wa/busselton/bl0?utm_source=gmb&utm_medium=organic&utm_campaign=busselton
hertz-gsa@martin.com.tw,1615,https://www.hertz.com.au/rentacar/location/australia/westernaustralia/busselton/BQBC60?utm_campaign=gmb-Hertz-Car-Rental---Busselton-Downtown&utm_medium=gmb-websitelink&utm_source=Google
budgetcustomerservice@budgetgroup.com,1614,https://www.budget.com.au/en/locations/au/wa/mandurah/mn4?utm_source=GMB&utm_medium=organic&utm_campaign=Mandurah
Operaciones@alamopanama.com,1613,https://www.alamo.com/en/car-rental-locations/au/rockhampton-airport-kaar.html?mcid=yext:245709
customer.service@national.cr,1612,https://www.nationalcar.com/en/car-rental/locations/au/rockhampton-airport-kanr.html?mcid=yext:245709
ecau-sales.support@europcar.com,1611,https://www.europcar.com.au/en-au/stations/australia/maitland-nsw?utm_campaign=MTLC03&utm_medium=organic&utm_source=local
hertz-gsa@martin.com.tw,1610,https://www.hertz.com.au/rentacar/location/australia/newsouthwales/lismore/LSYT50?utm_campaign=gmb-Hertz-Car-Rental---Lismore-Airport&utm_medium=gmb-websitelink&utm_source=Google
res@macedonrangescarrental.com.au,1609,https://macedonrangescarrental.com.au/
hertz-gsa@martin.com.tw,1608,https://www.hertz.com.au/rentacar/location/australia/newsouthwales/sydney/SYDW60?utm_campaign=gmb-Hertz-Car-Rental---Penrith-Downtown&utm_medium=gmb-websitelink&utm_source=Google
franchisesupport@thrifty.com.au,1607,https://www.thrifty.com.au/locations/clyde-north-downtown?utm_medium=organic&utm_source=google&utm_campaign=gmb&utm_content=clydenorth_downtown
hcmfirstnoticeofloss@hertz.com,1606,https://www.thrifty.com/us/en/location/australia/newsouthwales/lismore/lsy?utm_campaign=gmb-Thrifty-Car-Rental---Lismore-Apt&utm_medium=gmb-websitelink&utm_source=Google
ecau-sales.support@europcar.com,1605,https://www.europcar.com.au/en-au/stations/australia/lismore-airport?utm_campaign=LSYT01&utm_medium=organic&utm_source=local
customer.service@ehiglobal.co.nz,1604,https://www.enterpriserentacar.com.au/en/car-rental/locations/australia/queensland/moorooka-kakc.html?mcid=yext:245709&utm_source=google&utm_medium=organic&utm_campaign=local&utm_content=BNES61
ecau-sales.support@europcar.com,1603,https://www.europcar.com.au/en-au/stations/australia/darwin-airport?utm_campaign=DRWT01&utm_medium=organic&utm_source=local
hertz-gsa@martin.com.tw,1602,https://www.hertz.com.au/rentacar/location/australia/queensland/coolangatta/OOLT50?utm_campaign=gmb-Hertz-Car-Rental---Gold-Coast-Airport&utm_medium=gmb-websitelink&utm_source=Google
budgetcustomerservice@budgetgroup.com,1601,https://www.budget.com.au/en/locations/au/ql/coolangatta/ool?utm_source=gmb&utm_medium=organic&utm_campaign=gold-coast-airport
budgetcustomerservice@budgetgroup.com,1600,https://www.budget.com.au/en/locations/au/sa/salisbury/ad4?utm_source=gmb&utm_medium=organic&utm_campaign=salisbury
hidarigray@gmail.com,1599,https://viewhill.com.au/
enquiries@cheapercarrentals.com.au,1598,https://cheapercarrentals.com.au/
hertz-gsa@martin.com.tw,1597,https://www.hertz.com.au/rentacar/location/australia/newsouthwales/brokenhill/BHQC60?utm_campaign=gmb-Hertz-Car-Rental---Broken-Hill-Downtown&utm_medium=gmb-websitelink&utm_source=Google
hertz-gsa@martin.com.tw,1596,https://www.hertz.com.au/rentacar/location/australia/newsouthwales/richmond/SYDW59?utm_campaign=gmb-Hertz-Car-Rental---Richmond-Downtown&utm_medium=gmb-websitelink&utm_source=Google
budgetcustomerservice@budgetgroup.com,1595,https://www.budget.com.au/en/locations/au/ns/westdale/tmw?utm_source=GMB&utm_medium=organic&utm_campaign=Tamworth-Airport
budgetcustomerservice@budgetgroup.com,1594,https://www.budget.com.au/en/locations/au/wa/tom-price/bt2?utm_source=gmb&utm_medium=organic&utm_campaign=tom-price
franchisesupport@thrifty.com.au,1593,https://www.thrifty.com.au/locations/boondall?utm_medium=organic&utm_source=google&utm_campaign=gmb&utm_content=boondall
hertz-gsa@martin.com.tw,1592,https://www.hertz.com.au/rentacar/location/australia/queensland/brisbane/BNEN61?utm_campaign=gmb-Hertz-Car-Rental---Boondall-Downtown&utm_medium=gmb-websitelink&utm_source=Google
registrations@fleetpartners.com.au,1591,http://www.fleetpartners.com.au/
info@adairsbus.com.au,1590,http://adairsbus.com.au/
customerservicesau@dollar.com,1589,https://dollarcarrental.com.au/locations/south-yarra?utm_medium=organic&utm_source=google&utm_campaign=gmb&utm_content=southyarra_downtown
franchisesupport@thrifty.com.au,1588,https://www.thrifty.com.au/locations/south-yarra?utm_medium=organic&utm_source=google&utm_campaign=gmb&utm_content=southyarra_downtown
budgetcustomerservice@budgetgroup.com,1587,https://www.budget.com.au/en/locations/au/vi/preston/a20?utm_source=gmb&utm_medium=organic&utm_campaign=preston
budgetcustomerservice@budgetgroup.com,1586,https://www.budget.com.au/en/locations/au/vi/bundoora/bd5?utm_source=gmb&utm_medium=organic&utm_campaign=bundoora
sales@networkrentalsgc.com.au,1585,http://www.networkrentalsgc.com.au/
franchisesupport@thrifty.com.au,1584,https://www.thrifty.com.au/
budgetcustomerservice@budgetgroup.com,1583,https://www.budget.com.au/en/locations/au/ns/mascot/syd?utm_source=gmb&utm_medium=organic&utm_campaign=sydney-domestic-airport
franchisesupport@thrifty.com.au,1582,https://www.thrifty.com.au/locations/cooma-downtown?utm_medium=organic&utm_source=google&utm_campaign=gmb&utm_content=cooma_downtown
franchisesupport@thrifty.com.au,1581,https://www.thrifty.com.au/locations/gympie?utm_medium=organic&utm_source=google&utm_campaign=gmb&utm_content=gympie_downtown
hello@halorentals.com.au,1580,http://www.halorentals.com.au/
franchisesupport@thrifty.com.au,1579,https://www.thrifty.com.au/locations/cairns-airport?utm_medium=organic&utm_source=google&utm_campaign=gmb&utm_content=cairns_airport
ecau-sales.support@europcar.com,1578,https://www.europcar.com.au/en-au/stations/australia/perth-welshpool?utm_campaign=PERE04&utm_medium=organic&utm_source=local
franchisesupport@thrifty.com.au,1577,https://www.thrifty.com.au/locations/armidale-airport?utm_medium=organic&utm_source=google&utm_campaign=gmb&utm_content=armidale_airport
budgetcustomerservice@budgetgroup.com,1576,https://www.budget.com.au/en/locations/au/ns/armidale/arm?utm_source=gmb&utm_medium=organic&utm_campaign=armidale-airport
hertz-gsa@martin.com.tw,1575,https://www.hertz.com.au/rentacar/location/australia/northernterritory/alicesprings/ASPC60?utm_campaign=gmb-Hertz-Car-Rental---Alice-Springs-Downtown&utm_medium=gmb-websitelink&utm_source=Google
budgetcustomerservice@budgetgroup.com,1574,https://www.budget.com.au/en/locations/au/ql/toowoomba/tw8?utm_source=gmb&utm_medium=organic&utm_campaign=toowoomba
reservations@avis.com.ar,1573,https://www.avis.com.au/en/locations/au/ql/dalby/gt9?utm_source=gmb&utm_medium=organic&utm_campaign=dalby
reservations@avis.com.ar,1572,https://www.avis.com.au/en/locations/au/vi/essendon-field/m4a?utm_source=gmb&utm_medium=organic&utm_campaign=essendon-airport
normantonvehiclehire@outlook.com,1571,https://www.normantonvehiclehire.com.au/
budgetcustomerservice@budgetgroup.com,1570,https://www.budget.com.au/en/locations/au/vi/essendon-fields/m4a?utm_source=GMB&utm_medium=organic&utm_campaign=Essendon-Airport
hertz-gsa@martin.com.tw,1569,https://www.hertz.com.au/p/hire-a-car/australia/victoria/melbourne/essendon-airport
hertz-gsa@martin.com.tw,1568,https://www.hertz.com.au/rentacar/location/australia/westernaustralia/porthedland/PHET50?utm_campaign=gmb-Hertz-Car-Rental---Port-Hedland-Airport&utm_medium=gmb-websitelink&utm_source=Google
ecau-sales.support@europcar.com,1567,https://www.europcar.com.au/en-au/stations/australia/port-hedland-airport?utm_campaign=PHET02&utm_medium=organic&utm_source=local
customer.service@ehiglobal.co.nz,1566,https://www.enterpriserentacar.com.au/en/car-rental/locations/australia/western-australia/port-hedland-airport-kajl.html?mcid=yext:245709&utm_source=google&utm_medium=organic&utm_campaign=local&utm_content=PHET61
franchisesupport@thrifty.com.au,1565,https://www.thrifty.com.au/locations/port-hedland-airport?utm_medium=organic&utm_source=google&utm_campaign=gmb&utm_content=porthedland_airport
franchisesupport@thrifty.com.au,1564,https://www.thrifty.com.au/locations/lismore-downtown?utm_medium=organic&utm_source=google&utm_campaign=gmb&utm_content=lismore_downtown
reservations@avis.com.ar,1563,https://www.avis.com.au/en/locations/au/ns/revesby/bt8?utm_source=gmb&utm_medium=organic&utm_campaign=bankstown-metro
budgetcustomerservice@budgetgroup.com,1562,https://www.budget.com.au/en/locations/au/ns/revesby/sy4?utm_source=gmb&utm_medium=organic&utm_campaign=revesby
hertz-gsa@martin.com.tw,1561,https://www.hertz.com.au/rentacar/location/australia/queensland/noosaheads/MCYN60?utm_campaign=gmb-Hertz-Car-Rental---Noosa-Downtown&utm_medium=gmb-websitelink&utm_source=Google
reservations@avis.com.ar,1560,https://www.avis.com.au/en/locations/au/ql/noosa-heads/nsa?utm_source=gmb&utm_medium=organic&utm_campaign=noosa-heads
petersclassicgarage@bigpond.com,1559,http://www.petesclassicgarage.com/
reservations@avis.com.ar,1558,https://www.avis.com.au/en/locations/au/ql/ipswich-east/iu1?utm_source=gmb&utm_medium=organic&utm_campaign=ipswich
budgetcustomerservice@budgetgroup.com,1557,https://www.budget.com.au/en/locations/au/ql/east-ipswich/a26?utm_source=gmb&utm_medium=organic&utm_campaign=ipswich
hertz-gsa@martin.com.tw,1556,https://www.hertz.com.au/rentacar/location/australia/victoria/melbourne/MELE01?utm_campaign=gmb-Hertz-Car-Rental---Pakenham-Downtown&utm_medium=gmb-websitelink&utm_source=Google
info@oranarentals.com.au,1555,https://www.oranacarandtruck.com.au/location/moorooka
hertz-gsa@martin.com.tw,1554,https://www.hertz.com.au/rentacar/location/australia/southaustralia/adelaide/ADLT50?utm_campaign=gmb-Hertz-Car-Rental---Adelaide-Airport&utm_medium=gmb-websitelink&utm_source=Google
budgetcustomerservice@budgetgroup.com,1553,https://www.budget.com.au/en/locations/au/sa/adelaide/adl?utm_source=gmb&utm_medium=organic&utm_campaign=adelaide-airport
franchisesupport@thrifty.com.au,1552,https://www.thrifty.com.au/locations/adelaide-airport?utm_medium=organic&utm_source=google&utm_campaign=gmb&utm_content=adelaide_airport
windscreenboss@gmail.com,1551,https://www.windscreenboss.com.au/windscreen-replacement-in-craigieburn/
accommodations-ext@fb.com,1550,https://www.facebook.com/profile.php?id=100090276227529&mibextid=LQQJ4d
info@morayfieldautoglass.com.au,1549,https://www.morayfieldautoglass.com.au/?utm_source=google&utm_medium=organic&utm_campaign=gmb
cannington@aaawindscreens.com.au,1548,https://aaawindscreens.com.au/
admin@motorglasswindscreen.com.au,1547,https://www.motorglasswindscreens.com.au/
advanced.w@bigpond.com,1546,http://www.advancedwindscreens.com.au/
info@truckwindscreens.melbourne,1545,https://truckwindscreens.melbourne/
cannington@aaawindscreens.com.au,1544,https://aaawindscreens.com.au/
info@thechipdoctor.com.au,1543,http://www.thechipdoctor.com.au/
customerservice@completewindscreens.com.au,1542,http://www.completewindscreens.com.au/
info@nationalwindscreens.com.au,1541,https://www.nationalwindscreens.com.au/
windscreenboss@gmail.com,1540,https://www.windscreenboss.com.au/windscreen-replacement-tullamarine/
rob@bairnsdalewindscreens.com.au,1539,https://www.bairnsdalewindscreens.com/
info@thezone.com.au,1538,https://zonebendigo.dnsalias.net/
accommodations-ext@fb.com,1537,https://www.facebook.com/profile.php?id=100039302331553
contact@westbeachadventure.com,1536,https://westbeachadventure.com.au/
bigbuzzhelp@gmail.com,1535,https://www.bigbuzz.com.au/?utm_source=google&utm_medium=organic&utm_campaign=gmb
draperzc0nstructi0n01@outlook.com,1534,https://draperzconstruction.wixsite.com/website
holispsy@outlook.com,1533,https://holisticpsychology.com.au/
Moveworx001@outlook.com,1532,https://moveworx.com.au/
hrtesttag24@outlook.com,1531,http://24hrtestandtag.com.au
ripplepool1@outlook.com,1530,http://ripplepool.com
cl3arch0ice2022@outlook.com,1529,http://www.clearchoicecounselling.com.au/
markguit4r@outlook.com,1528,http://marksclassicalguitarschool.com.au/
peelbackcare@outlook.com,1527,https://peel-back-care-clinic-dry-needling-remedial-massage.business.site/
turnerpub1@outlook.com,1526,http://www.turnerpublications.com
kleynhansenterprises@outlook.com,1525,http://elkanahcounselling.com.au
maryvalleyloch@outlook.com,1524,https://www.maryvalleypetcremation.com.au/
livngconsnsw@outlook.com,1523,https://livingconsciously.com.au/
aumakegoods@outlook.com,1522,http://aussie-make-goods-warehouse.business.site
gregmillsproductions01@outlook.com,1521,https://www.musicteacher.com.au/
hypn0th3raphy@outlook.com,1520,https://suzyshypnotherapy.com.au/
sunshinecarpet2022@outlook.com,1519,http://www.sunshinecarpetcleaningprofessionals.com.au/
camalotfencing@outlook.com,1518,https://www.camalotfencing.com.au/
healystherapies0@outlook.com,1517,http://www.healysnaturaltherapies.com/
aLLsortedOut@outlook.com,1516,https://allsortedout.com.au/
oanhoanhvl@yahoo.com,1515,http://littlevietnam504.cafeleader.com/
andy.dang1@outlook.com,1514,https://www.tidalair.com.au/
lookbookbride@outlook.com,1513,https://lookbookbride.com.au
DiamOndconcreteE@outlook.com,1512,https://www.facebook.com/DiamondConcreteVic/
n3swellness@outlook.com,1511,https://energeticwellness.com.au/
davetrailhicks@outlook.com,1510,https://davestrailerhire.com.au
Jacqui.watts1@outlook.com,1509,https://www.healthful.net.au/
vegacarpentry1@outlook.com,1508,http://vegacarpentry.com.au/
allstardance1@outlook.com,1507,https://allstardancestudios.com/
aStonCoPaint@outlook.com,1506,http://astonandcopaintingdecorating.com.au
petesupholstery@outlook.com,1505,https://petesupholsteryandtrimming.com.au/
sydneyplaylearn03@outlook.ph,1504,https://www.gymbaroo.com.au/
kynet0ntherapy@outlook.com,1503,https://www.kynetonmassageandhypnotherapy.com.au
garyhamerinterior69@outlook.com,1502,http://www.garyhamerinteriors.com/
peterking055@outlook.com,1501,http://floorcraft-timber-floors.business.site
tridentbuilding21@outlook.com,1500,https://www.tridentbs.com.au/
MarcBlackhall24@outlook.com,1499,http://roofingtoperfection.com.au
rodinplmbing@mail.com,1498,https://www.rodinplumbing.com.au
supplem3nts@outlook.com,1496,https://organicinnovation.com.au
bullcreekcounselling@mail.com,1495,https://bullcreekcounsellingcentre.com/
a1roofrestoration@outlook.com,1494,https://a1roofrestorations.com.au/
skmobilemechanic1@outlook.com,1493,https://skmobilemechanic.com.au/
hivessandandsoil@outlook.com,1492,https://hivessandandsoil.com/
mrroadsidemobilemechanic@yandex.com,1491,https://mrroadsidemobilemechanic.com.au/
stewartscoaches75@outlook.com,1490,https://stewarts-coaches.com.au/
satyagala@outlook.com,1489,https://www.satyagala.com.au
oatleybay1@outlook.com,1488,https://oatleybay.com.au/
hamitonconcrete1@outlook.com,1487,https://www.hamiltonconcreting.com.au/
wayneslandscape1@outlook.com,1486,https://wayneslandscaping.com.au/
driveawaydoctor1@outlook.com,1485,https://drivewaydoctor.com.au/
urbanchicstyling@outlook.com,1484,http://urbanchic.net.au
glengilbert2023@outlook.com,1483,https://glengilbertsonfloorsanding.com.au
amrodplumbing@outlook.com,1482,https://amrodplumbing.com.au/
info@esperancecarhire.com.au,1481,https://www.esperancecarhire.com.au/
thinkingfamilies69@proton.me,1480,https://www.thinkingfamilies.com.au/
bruseynicholas@gmail.com,1479,https://poolpotential.com.au
paulineslepoy0@gmail.com,1477,https://mycareerangels.com.au/
halsedaniel6@gmail.com,1476,https://www.actshade.com/shade-sails
cubeconcreting@outlook.com,1475,https://www.cubeconcreting.com.au/
alignedliving00@outlook.com,1474,https://www.equineassistedlearning.com.au/
readysetreline@gmail.com,1473,https://www.readysetreline.com.au/
paragonpsaus@outlook.com,1472,https://paragonps.com.au/
ecoohomes@outlook.com,1471,https://ecoo.com.au
dkcdents48@outlook.com,1470,https://www.dkcdents.com.au/
storhubrousehill@outlook.com,1469,https://www.storhub.com.au/storage-facilities/storhub-rouse-hill
info@thedownsizers.com.au,1468,https://www.thedownsizers.com.au
chinesemassage001@outlook.com,1467,https://healingyoutherapist.com.au/
happydaysmoretonisland02@outlook.com,1466,https://happydaysmoretonisland.com/
mcmahonhiresolutionsau@gmail.com,1464,https://www.mcmahonhiresolutions.com.au/
blackwood0st3opathy@gmail.com,1463,https://blackwoodosteopathy.com.au/
laser@instantlaserclinic.com.au,1462,https://www.instantlaserclinic.com.au
pawcomfortau@outlook.com,1461,https://pawcomfort.com.au/
healwithjaqi@outlook.com,1460,http://healwithjaqi.com
cleanwaterplum@outlook.com,1459,https://clearwaterplumbingnsw.com.au/
teamconcreting@outlook.com,1458,http://ateamconcreting.com.au/
blissknoxrenovations01@outlook.com,1457,https://www.blissknoxrenovations.com.au/
southwestsurveygroup01@outlook.com,1456,https://www.swsg.com.au/
sepeCleAning@outlook.com,1455,http://sepe.com.au
atasteofpassion12@outlook.com,1454,http://atasteofpassion.com.au/
sales@circuitlink.com.au,1453,https://circuitlink.com.au/
priorityautomative123@outlook.com,1452,https://priorityautomotive.com.au/
hUnterHorticu1@outlook.com,1451,https://www.hunterhorticultural.com/
signamicsign@outlook.com,1450,https://signamicsignsandlines.com/
captivatingcarpentry@outlook.com,1449,https://c-c-c.net.au/
irrig4ti0n2023@outlook.com,1448,https://wetspotirrigation.com.au/
healthcollab@outlook.com,1447,https://healthcollab.com.au/
greenandcleanservices1@outlook.com,1446,https://green-and-clean-carpet-care-upholstery.business.site/?m=true
chriscrossfloorsandingservices@outlook.com,1445,https://chris-cross-floor-sanding.business.site/
jointcarpentry@outlook.com,1444,https://jointcarpentry.com.au/
artrudys2022@outlook.com,1443,https://artbytrudysmith.business.site/
sales@acensw.com.au,1442,https://www.acensw.com.au/
Paulthepainter00@outlook.com,1441,https://paulthepainter.com.au/
gamebredacademy1@outlook.com,1440,http://gamebredacademy.com.au/
cornerspestcontrol4@outlook.com,1439,http://4cornerspestcontrol.business.site
JscarPentry11@outlook.com,1438,http://jscarpentryfencing.com.au/
retainingwallcons@outlook.com,1437,https://www.retainingwallconstructions.com/
solutions@solace-energy.com.au,1436,https://www.solace-energy.com.au/
DsaBuilding@outlook.com,1435,https://dsabuilding.com.au/
jadeconcreting@outlook.com,1434,http://jacedecorativeconcreting.com.au/
waterboysplumbing1@outlook.com,1433,https://www.waterboysplumbing.com.au/
weddingsbymarg37@outlook.com,1432,http://www.weddingsbymarg.com/
rustyhomedesign@outlook.com,1431,http://rustyhingehomedesign.com.au
tlcandbm@outlook.com,1430,https://www.tlcandbm.com/
neilshandyman@outlook.com,1429,https://neils-handyman-service-domestic-commercial-property.business.site/
doylesails0@outlook.com,1428,https://www.doylesails.com/
laroofingplumbing@outlook.com,1427,http://la-roofing-plumbing-home-renovations-house.business.site
puncheuipment@gmail.com,1426,https://www.punchequipment.com/
spacetel807@gmail.com,1425,https://www.spacetel.com.au/
fixdentalau@outlook.com,1424,https://www.fixdental.com.au/
herrontoddwhiteaus@outlook.com,1423,https://htw.com.au
medirecordsaustralia@gmail.com,1422,https://medirecords.com
info@allcosmeticdental.com.au,1421,https://allcosmeticdental.com.au/
icutqueensland@outlook.com,1420,http://www.icutqld.com.au/
mobilemassage11@outlook.com,1419,
bugsnbeepestcontrol@outlook.com,1418,
gardeningservices43@outlook.com,1417,http://gardener-robina.blogspot.com.au/
aaadigitalantennas@outlook.com,1416,http://aaadigitalantennas.com.au
optimumpoolandspa@outlook.ph,1415,https://optimumservice.com.au/
hartleystructor@outlook.com,1414,http://hartleystructural.com
cherishedcelebrancy0@outlook.com.au,1413,http://www.marriagecelebrant.com/
antarticmobileair@outlook.com,1412,
lockwoodcar@outlook.com,1411,https://www.lockwoodcarpet.com.au
visionpavingg@outlook.com,1410,https://vision-paving.business.site/
sales@thecurtainlab.com.au,1409,https://thecurtainlab.com.au/
heartcentred2022@outlook.com,1408,https://heartcentrednaturaltherapies.com.au/
williamsubzer0@outlook.com,1407,https://subzeroaircon.com.au/
adam-and-sons-concreting-driveways@outlook.com,1406,https://adam-and-sons-concreting-driveways.business.site/
synarachandler@outlook.com,1405,http://synarachandlerkinesiologist.com
butterflycourage@outlook.com,1404,https://reneemcdonald.com/
particularpaint@outlook.com,1403,http://particularpainting.com.au/
justwallsgeelong@outlook.com,1402,http://www.justwalls.com.au/
tridentbldg7250@outlook.com,1401,https://www.tridentbs.com.au/
festivepark2022@outlook.com,1400,http://festivalamusements.info
byrdelectricalcomau@outlook.com,1399,https://byrdelectrical.com.au/
info@sjpower.com.au,1398,https://www.sjpower.com.au/
wildtasmaniatours@gmail.com,1397,https://wildtasmaniatours.com/tour/2-day-cradle-mountain-tour/
info@matesratesplumbing.com.au,1396,https://www.matesratesplumbing.com.au/
precisionaccess26@outlook.com,1395,http://precisionaccess.com.au
deionnoelectrical4@gmail.com,1394,https://www.deionnoelectrical.com.au/
jkmpainter@outlook.com,1393,https://jkmpainting.com.au/
hillsideflo0r@outlook.com,1392,https://hillside-flooring-floor.business.site/
somerpest2022@outlook.com,1391,https://www.somervillepestcontrol.com.au
akfencingngates@outlook.com,1390,https://centralcoastpoolfencerepairs.com.au/
emotionalalchemypsy@outlook.com,1389,https://emotional-alchemy-psychotherapy-counselling.business.site/?m=true
bravoconsult@outlook.com,1388,https://bravoconsult.com.au/
BlueskipBin@outlook.com,1387,https://www.blueskipbin.com.au/
thepiratesroom011@outlook.com,1386,https://thepilatesroom.com.au/
drshipwright002@outlook.com,1385,https://www.drshipwrights.com.au/
info@ecopromotions.com.au,1384,https://ecopromotions.com.au/
mreikicourses@gmail.com,1383,https://melbournereikicourses.com.au/
automaticgatesfence@gmail.com,1382,https://fenceamillion.com.au/
kate@thisisrocket.com.au,1381,https://thisisrocket.com.au/
performancedetailers@outlook.com,1379,https://performancedetailers.com.au/
growth@hugoalexander.com.au,1378,https://hugoalexander.com.au/
Campsmartau@outlook.com,1377,https://www.campsmart.net.au/
caulfieldpaintings@gmail.com,1376,https://www.caulfieldpainting.com.au/
ths20101995@gmail.com,1375,
expressenvelopesptyltd@gmail.com,1373,https://www.expressenvelopes.com.au/
cessnocktankworks1@outlook.com,1372,https://www.cessnocktankworks.com.au/
physioonrossau@outlook.com,1371,https://www.physioonross.com.au/
southmelbourneau@outlook.com,1369,https://babycapsulehire.com.au/areas-we-serve/south-melbourne-baby-capsule-hire/
caseconverter.tools@outlook.com,1368,https://caseconverter.tools/
seo.stubbsauto@anaxusmail.com.au,1367,https://stubbsauto.au/
theannacentre@gmail.com,1366,https://www.annacentre.com.au/
tedcardetailing@gmail.com,1344,https://www.tedcardetailing.com
thedentalpracticeau@outlook.com,1343,https://thedentalpractice.com.au/
headwaypsych@outlook.com,1342,https://headwaypsych.com.au/
glowfurniture70@gmail.com,1335,https://glowfurnituresydney.com.au
mail@lukereynolds.com.au,1331,https://lukereynolds.com.au/?utm_source=GMB&utm_medium=GMB
noosamanagement@libertyhair.com.au,1330,http://www.libertyhair.com.au/
welisten@vervehair.com,1329,http://www.vervehair.com/
graphix.hairstudio@yahoo.com,1328,http://www.graphixhairstudio.com.au/
accommodations-ext@fb.com,1327,https://www.facebook.com/hairkira/
reception@parkhair.com.au,1326,http://www.parkhair.com.au/
bookings@cheveuxdesignandespresso.com.au,1325,http://cheveuxdesignandespresso.com.au/
togetherwegrow@phorest.com,1324,https://phorest.com/book/salons/vibetribehairdressing
accommodations-ext@fb.com,1323,https://instagram.com/comeasyouare_hair_by_t?igshid=NmE0MzVhZDY=
lundharsalon@gmail.com,1322,http://www.lundhar.com.au/
accommodations-ext@fb.com,1321,https://www.facebook.com/LuxeColourStudio
contact@trichos.com.au,1320,http://www.trichos.com.au/
hello@urbanbarberette.com.au,1319,http://www.mazsybel.com.au/
accommodations-ext@fb.com,1318,https://www.facebook.com/Salon37onHurst?mibextid=LQQJ4d
jeni@symposiahairstudio.com.au,1317,http://symposiahairstudio.com.au/
news@ashhair.com.au.com,1316,http://ashhair.com.au/
accommodations-ext@fb.com,1315,https://www.facebook.com/Lush-Hair-by-Harris-108304908678954/
accommodations-ext@fb.com,1314,http://www.facebook.com/hairbylottie1/
accommodations-ext@fb.com,1313,https://www.facebook.com/claraemilyhair/
julie@juliecrespelphotography.com,1312,http://oneroom.com.au/
accommodations-ext@fb.com,1311,https://instagram.com/mossmoama?igshid=NTc4MTIwNjQ2YQ==
togetherwegrow@phorest.com,1310,https://phorest.com/book/salons/lmhhair
accommodations-ext@fb.com,1309,https://www.facebook.com/salon-nolas-828760490545861/
accommodations-ext@fb.com,1308,https://www.facebook.com/dreadingitdreadlocks
info@pumphousehair.com﻿.au,1307,http://www.pumphousehair.com.au/
recruitment@fresha.com,1306,https://www.fresha.com/book-now/home-of-hair-by-haley-gleeson-hzqw8vjt/all-offer?id=1055333&pId=1000422
blackcockatoodreadlocks@gmail.com,1305,http://www.blackcockatoodreadlocks.com/
jemma@houseofh.au,1304,http://jemmaleversha.com/
accommodations-ext@fb.com,1303,https://www.facebook.com/profile.php?id=100087978213662&mibextid=LQQJ4d
accommodations-ext@fb.com,1302,https://www.facebook.com/Just-Gorgeous-Hair-Lounge-545029842253858/
accommodations-ext@fb.com,1301,https://www.facebook.com/Silk-Hair-Yandina-747979175262714/
immersehairstudio@gmail.com,1300,https://immersehair.wixsite.com/website
info@tracioriannis.com.au,1299,https://www.tracioriannishairandbeauty.com/
reception@kundalinihair.com.au,1298,https://kundalinihair.com.au/
Kajalbeauty32@gmail.com,1297,http://www.kajalhairandbeauty.com.au/
barkcbr@barkhair.com,1296,https://www.barkhair.com/
accommodations-ext@fb.com,1295,https://www.facebook.com/profile.php?id=61557691149409
accommodations-ext@fb.com,1294,https://www.facebook.com/profile.php?id=61553033084732&mibextid=LQQJ4d
edgehair@bigpond.com,1293,http://www.edgehairbyron.com/?utm_source=google&utm_medium=organic&utm_campaign=gmb
accommodations-ext@fb.com,1292,https://www.facebook.com/AdamAndEveHair/
accommodations-ext@fb.com,1291,https://www.facebook.com/salthairstyles/
enquiries@cutitouthairdesign.com.au,1290,http://www.cutitouthairdesign.com.au/
info@studiobhair.com.au,1289,http://www.studiobhair.com.au/
accommodations-ext@fb.com,1288,https://www.facebook.com/highstreetbeautygallery/?
accommodations-ext@fb.com,1287,http://www.facebook.com/hairartbyshell
rebelcurlsnsw@outlook.com,1286,http://www.rebelcurlsnsw.com/
salon@kinkycurlystraight.com.au,1285,http://www.kinkycurlystraight.com.au/
sistersnippy@hotmail.com,1284,https://www.rjshairstudio.com.au/
info@zelishair.com.au,1283,http://www.zelishair.com.au/
contact@haircolosseum.com.au,1282,https://haircolosseum.com.au/hairdresser-roselands/
themedusawave@hotmail.com,1281,https://www.themedusawave.com.au/
tgshairfyshwick@gmail.com,1280,http://tgshairstudios.com.au/
accommodations-ext@fb.com,1279,https://www.facebook.com/pg/Salon-Glamour-321584734880688/
info@ecosalonsupplies.com.au,1278,http://www.natorg.com.au/
info@infinitihairdesign.com,1277,http://www.infinitihairdesign.com/
accommodations-ext@fb.com,1276,http://www.facebook.com/turosshairandbeauty
accommodations-ext@fb.com,1275,https://www.facebook.com/sonderhairdressers/?view_public_for=268644376511595
employment@expressretailgroup.com.au,1274,http://www.salonexpress.com.au/
employment@expressretailgroup.com.au,1273,http://www.salonexpress.com.au/
smallbatchhair@gmail.com,1272,http://www.smallbatchhair.com/
accommodations-ext@fb.com,1271,https://www.facebook.com/boovalfringebenefits/
accommodations-ext@fb.com,1270,http://www.facebook.com/sebellesalon
vintagehairess@live.com.au,1269,http://www.vintagehairess.com.au/
accommodations-ext@fb.com,1268,https://www.facebook.com/salonthirtyone.bookings/
info@lamphair.com.au,1267,https://www.lamphair.com.au/
jakadjari@gmail.com,1266,http://jakadjari.com.au/
annmauriesalon@gmail.com,1265,http://www.annmauriesalon.com.au/
pixie@pixiehairandmakeup.com.au,1264,http://www.pixiehairandmakeup.com.au/
accommodations-ext@fb.com,1263,https://www.facebook.com/people/Kaaya-Hair-Beauty-Studio/100063509113158/
SALON@XINTWENTYONE.COM.AU,1262,http://www.xintwentyone.com.au/
accommodations-ext@fb.com,1261,https://www.facebook.com/m.salonhairdesign/
oolalahair@outlook.com,1260,http://oolalahair.wixsite.com/surfers
wavesmelbourne@gmail.com,1259,http://waves.melbourne/
booking.flagrecords@gmail.com,1258,https://msha.ke/sheque.hair/
absoluhairsalon@gmail.com,1257,http://absolu.com.au/
info@organikahair.com.au,1256,http://www.organikahair.com.au/
accommodations-ext@fb.com,1255,https://www.facebook.com/Hairaddictballarat/
emlira.magazine@gmail.com,1254,https://sites.google.com/view/timehairdressingnoosa
accommodations-ext@fb.com,1253,https://www.facebook.com/dreadlocksandcreationsbylily
info@divilayouts.store,1252,https://roxhair.com.au/
recruitment@hairhouse.com.au,1251,https://www.hairhouse.com.au/store/rouse-hill?utm_source=google&utm_medium=organic&utm_campaign=gmb&utm_content=rousehill
accommodations-ext@fb.com,1250,https://instagram.com/junohair.au
info@christianes.com.au,1249,http://christianes.com.au/
accommodations-ext@fb.com,1248,https://www.facebook.com/StatixHair?utm_source=google&utm_medium=organic&utm_campaign=gmb
info@judenahair.com.au,1247,https://www.judenahair.com.au/
recruitment@fresha.com,1246,https://www.fresha.com/book-now/before-and-after-hair-and-beauty-croydon-j6nxkdzd/all-offer?pId=749461
accommodations-ext@fb.com,1245,https://www.facebook.com/LisaLocksHairSalon?mibextid=ZbWKwL
rawhair@rawhair.com.au,1244,https://rawhair.com.au/
accommodations-ext@fb.com,1243,http://www.facebook.com/HD-Hair-1481048195523577/
info@example.com,1242,http://www.napolihair.com.au/
admin@kashair.com.au,1241,https://www.kashair.com.au/
info@mysthair.com,1240,http://mysthair.com/
info@moeandco.com.au,1239,https://moeandco.com.au/locations/nowra/
accommodations-ext@fb.com,1238,https://www.facebook.com/ginashairhouse/
info@urnexthairdressing.com.au,1237,https://urnexthairdressing.com.au/
orders@edwardsandco.com.au,1236,https://edwardsandco.com.au/locations/kippax/
smartyshair@gmail.com,1235,http://www.smartyshairstylists.com.au/
bravadohampton@gmail.com,1234,http://www.bravadohaircutters.com.au/
emanihairsalon@gmail.com,1233,https://www.emanihairsalon.com.au/
accommodations-ext@fb.com,1232,https://www.facebook.com/myushairandbody/?modal=admin_todo_tour
getfit@kdptfitness.com.au,1220,https://www.kdptfitness.com.au/
louvreelitevic@outlook.com,1219,https://www.louvreelite.com.au/
brano@netsearch.com.au,1218,https://www.netsearch.com.au
AffordableTreeService95@gmail.com,1217,https://www.affordabletreespecialists.au/
georgematildakincumber@outlook.com,1216,https://georgeandmatilda.com.au/stores/george-matilda-eyecare-kincumber/
georgematildagriffith@outlook.com,1215,https://georgeandmatilda.com.au/stores/george-and-matilda-eyecare-for-albert-ravanello-optometrists-griffith/
georgematildagrafton@outlook.com,1214,https://georgeandmatilda.com.au/stores/george-matilda-eyecare-for-ford-optometrists/
georgematildagosford@outlook.com,1213,https://georgeandmatilda.com.au/stores/george-matilda-eyecare-gosford/
georgematildaforster@outlook.com,1212,https://georgeandmatilda.com.au/stores/george-matilda-eyecare-forster/
calibrationmelbourne@gmail.com,1211,https://zenithinstruments.com.au/
liz@durancearmadale.com.au,1209,https://www.duranceboutique.com.au
importdata-1208@businesslocal.com.au,1208,https://sgammotta.com.au/
importdata-1207@businesslocal.com.au,1207,http://www.howardarchitecture.com.au/
importdata-1206@businesslocal.com.au,1206,http://www.marks.net.au/
importdata-1205@businesslocal.com.au,1205,http://www.nockarchitecture.com.au/
architecture@blackmancreative.com.au,1204,http://www.blackmancreative.com.au/
importdata-1203@businesslocal.com.au,1203,http://www.atlasarchitects.com.au/
claire.kramer@populous.com,1202,http://populous.com/offices/brisbane/
importdata-1201@businesslocal.com.au,1201,http://www.rs3d.com.au/
brandon@philipleeson.com.au,1200,http://www.philipleeson.com.au/
mail@thas.com.au,1199,http://thas.com.au/
alishia@minettstudio.com.au,1198,http://www.minettstudio.com.au/
importdata-1197@businesslocal.com.au,1197,http://lande.com.au/
importdata-1196@businesslocal.com.au,1196,http://www.30axis.com/
findoutmore@tddparchitects.com,1195,http://tddparchitects.com/
importdata-1194@businesslocal.com.au,1194,http://www.jacksonteece.com/
importdata-1193@businesslocal.com.au,1193,http://alvaroarchitects.com.au/
contact@telhaclarke.com.au,1192,http://www.telhaclarke.com.au/
importdata-1191@businesslocal.com.au,1191,http://www.bhia.com.au/
importdata-1190@businesslocal.com.au,1190,https://www.ultralinea.com.au/
importdata-1189@businesslocal.com.au,1189,http://swdarchitects.com.au/
importdata-1188@businesslocal.com.au,1188,http://www.ecoview.com.au/
info@redblue.com.au,1187,http://www.redblue.com.au/
importdata-1186@businesslocal.com.au,1186,http://www.rpcarchitects.com.au/
importdata-1185@businesslocal.com.au,1185,http://www.nordonjago.com/
contactus@studiocreo.com.au,1184,https://www.studiocreo.com.au/
mail@muirarchitecture.com,1183,http://muirarchitecture.com/
importdata-1182@businesslocal.com.au,1182,http://www.matthewgribben.com.au/
importdata-1181@businesslocal.com.au,1181,http://www.hharchitects.com.au/
importdata-1180@businesslocal.com.au,1180,http://atelier1-7.com.au/
importdata-1179@businesslocal.com.au,1179,http://www.cpoint.com.au/
importdata-1178@businesslocal.com.au,1178,http://softloud.com.au/
importdata-1177@businesslocal.com.au,1177,http://www.lightwave.com.au/
info@candalepas.com.au,1176,http://www.candalepas.com.au/
mail@christopherpolly.com,1175,http://christopherpolly.com/
architects@bya-architects.com.au,1174,https://www.bya-architects.com.au/
sarah@bakerdrofenik.com.au,1173,https://www.bakerdrofenik.com.au/
importdata-1172@businesslocal.com.au,1172,https://www.henryfrancisdesign.com/
importdata-1171@businesslocal.com.au,1171,http://www.rushdesign.com.au/
studio@markszczerbicki.com,1170,http://markszczerbicki.com/
importdata-1169@businesslocal.com.au,1169,http://ocarchitects.com.au/
mjb@michaelbanakarchitect.com,1168,http://www.michaelbanakarchitect.com.au/
info@jacksonarchitecture.com,1167,https://jacksonarchitecture.com.au/
importdata-1166@businesslocal.com.au,1166,http://www.ingriddonald.com.au/
info@studioplusthree.com,1165,http://www.studioplusthree.com/
importdata-1164@businesslocal.com.au,1164,http://sonelo.com.au/
importdata-1163@businesslocal.com.au,1163,https://harleygraham.com/
importdata-1162@businesslocal.com.au,1162,http://www.phillipsarchitects.com.au/
importdata-1161@businesslocal.com.au,1161,http://www.asimpson.com.au/
filip@fmarchitecture.com.au,1160,http://fmarchitecture.com.au/
info@sgadesign.com.au,1159,http://sgadesign.com.au/
importdata-1158@businesslocal.com.au,1158,http://canopus.net.au/
importdata-1157@businesslocal.com.au,1157,https://www.biotope.net.au/
importdata-1156@businesslocal.com.au,1156,http://hartree.com.au/
importdata-1155@businesslocal.com.au,1155,http://www.armstrongcollective.com.au/
chelsey@harrisjenkins.com,1154,http://www.harrisjenkins.com/
sydney@jsarchitects.com.au,1153,https://jsarchs.wixsite.com/jsarchitects
studio@smartdesignstudio.com,1152,http://www.smartdesignstudio.com/
awilson@warc.com.au,1151,https://www.warc.com.au/
importdata-1150@businesslocal.com.au,1150,http://katevernonarchitects.com/
hello@josephinereich.com,1149,http://josephinereich.com/
importdata-1148@businesslocal.com.au,1148,http://www.southwestarchitects.com.au/
importdata-1147@businesslocal.com.au,1147,http://align.build/
enquiries@aurae.com.au,1146,http://www.aurae.com.au/
importdata-1145@businesslocal.com.au,1145,http://www.formery.com.au/
importdata-1144@businesslocal.com.au,1144,http://www.engawa.com.au/
info@erthadesign.com,1143,https://www.erthadesign.com/?utm_source=google&utm_medium=wix_google_business_profile&utm_campaign=6040682817002312994
office@nearchitecture.com.au,1142,http://nearchitecture.com.au/
workshop@freehandprojects.com.au,1141,http://www.freehandprojects.com.au/
mail@kada.com.au,1140,http://www.kada.com.au/
hello@saturdaystudio.com.au,1139,http://www.saturdaystudio.com.au/
importdata-1138@businesslocal.com.au,1138,https://www.loganstudio.com.au/
bfg.admin@brownfalconer.com.au,1137,http://brownfalconer.com.au/
admin@morriarchi.com.au,1136,https://www.morriarchi.com.au/?utm_source=google&utm_medium=organic&utm_campaign=gmb
allan@yarraarchitects.com.au,1135,https://yarraarchitects.com.au/
importdata-1134@businesslocal.com.au,1134,http://www.arkhamarchitecture.com.au/
info@drawingroomarchitecture.com.au,1133,http://www.drawingroomarchitecture.com.au/
sean@hdsolutions.net.au,1132,https://hdsolutions.net.au/
contact@jcarch.com.au,1131,http://jcarch.com.au/
jchiou@jncstudio.com.au,1130,http://www.jncstudio.com.au/
importdata-1129@businesslocal.com.au,1129,http://www.leopegoli.com.au/
info@perryfungarchitects.com,1128,http://www.perryfungarchitects.com/
importdata-1127@businesslocal.com.au,1127,http://www.jameshorlerarchitecture.com.au/
importdata-1126@businesslocal.com.au,1126,http://www.plicodesignstudio.com/
studio@clarecousins.com.au,1125,http://clarecousins.com.au/
admin@informdesign.com.au,1124,http://informdesign.com.au/
enquiries@ptma.com.au,1123,http://www.ptma.au/
importdata-1122@businesslocal.com.au,1122,https://www.olssonarchitects.com.au/
info@GantierArchitecture.com.au,1121,http://www.gantierarchitecture.com.au/
importdata-1120@businesslocal.com.au,1120,http://www.watershedarchitects.com/
importdata-1119@businesslocal.com.au,1119,http://www.y2architecture.com.au/
smittelman@urbandesign.com.au,1118,https://urbandesign.com.au/
importdata-1117@businesslocal.com.au,1117,http://www.trethowan.com.au/
importdata-1116@businesslocal.com.au,1116,http://www.bka.com.au/
importdata-1115@businesslocal.com.au,1115,http://carvalhodesignsolutions.com/
llarchitect@bigpond.com,1114,https://www.llarchitect.net/
importdata-1113@businesslocal.com.au,1113,http://www.architectsink.com.au/
importdata-1112@businesslocal.com.au,1112,http://www.treehousedm.com.au/
importdata-1111@businesslocal.com.au,1111,http://michaeltaylorarchitects.com.au/
importdata-1110@businesslocal.com.au,1110,http://ariagroup.net.au/
mail@thytran.com,1109,https://www.thytran.com/
importdata-1108@businesslocal.com.au,1108,https://www.youssofzayhart.com.au/
importdata-1107@businesslocal.com.au,1107,http://www.leitharchitects.com.au/
jstreeter@eje.com.au,1106,http://www.eje.com.au/
mail@brookeaitkendesign.com.au,1105,http://www.brookeaitkendesign.com.au/
importdata-1104@businesslocal.com.au,1104,https://www.balancedeartharchitects.com/
importdata-1103@businesslocal.com.au,1103,http://www.gelder.com.au/
importdata-1102@businesslocal.com.au,1102,http://www.bude.com.au/
bne@modedesign.com.au,1101,http://modedesigncorp.com/
admin@868architects.com,1100,http://868architects.com/
email@cracknelllonergan.com.au,1099,https://www.cracknelllonergan.com.au/
importdata-1098@businesslocal.com.au,1098,https://www.bdai.com.au/
importdata-1097@businesslocal.com.au,1097,http://www.pointarchitects.com.au/
importdata-1096@businesslocal.com.au,1096,https://inaspace.com.au/
danielle@silverthomashanley.com,1095,http://www.silverthomashanley.com/
importdata-1094@businesslocal.com.au,1094,http://www.evmarchitects.com.au/
importdata-1093@businesslocal.com.au,1093,http://www.architecton.com.au/
importdata-1092@businesslocal.com.au,1092,https://www.r-a.com.au/
enquiries@spatialdesignstudio.com.au,1091,http://www.spatialdesignstudio.com.au/
info@architeria.com.au,1090,http://architeria.com.au/
importdata-1089@businesslocal.com.au,1089,https://www.archi-ncane.com.au/
importdata-1088@businesslocal.com.au,1088,http://www.howardarchitecture.com.au/
importdata-1087@businesslocal.com.au,1087,http://conceptarchitects.com.au/
mj.ark@bigpond.com,1086,https://www.studioarkitecture.com.au/
admin@shersonarchitecture.com,1085,http://www.shersonarchitecture.com.au/
design@thomsonrossi.com.au,1084,http://thomsonrossi.com.au/
jb@johnmcauley.com.au,1083,http://johnmcauley.com.au/
importdata-1082@businesslocal.com.au,1082,http://www.dwp.design/
importdata-1081@businesslocal.com.au,1081,http://alexandersymes.com.au/
architecture@ciliberto.co,1080,http://ciliberto.co/
importdata-1079@businesslocal.com.au,1079,https://ourarchitect.com.au/
importdata-1078@businesslocal.com.au,1078,http://www.deladesigns.com.au/
melbourne@pvh.com.au,1077,http://www.pvh.com.au/
info@elevationarchitecture.com.au,1076,http://www.elevationarchitecture.com.au/
mario@designedgeassociates.com.au,1075,http://www.designedgeassociates.com.au/
admin@designcorp.com.au,1074,http://www.designcorp.com.au/
importdata-1073@businesslocal.com.au,1073,http://www.rosevearstephenson.com/
importdata-1072@businesslocal.com.au,1072,http://www.bka.com.au/
roarch@optusnet.com.au,1071,https://orangearchitects.com.au/
hello@architest.com.au,1070,https://www.architest.com.au/
importdata-1069@businesslocal.com.au,1069,http://www.pwarch.com.au/
importdata-1068@businesslocal.com.au,1068,http://www.fusearchitects.com.au/
importdata-1067@businesslocal.com.au,1067,http://www.akarchitects.com.au/
mail@arqusdesign.com.au,1066,http://www.arqusdesign.com.au/
importdata-1065@businesslocal.com.au,1065,http://www.jdharchitects.com.au/
importdata-1064@businesslocal.com.au,1064,http://www.hoffmanarch.com/
importdata-1063@businesslocal.com.au,1063,http://www.pleysierperkins.com.au/
importdata-1062@businesslocal.com.au,1062,http://www.studio101.com.au/
info@ckarchitecture.com.au,1061,http://www.ckarchitecture.com.au/
victoria@four18.com.au,1060,http://www.four18.com.au/
importdata-1059@businesslocal.com.au,1059,http://www.residentialstudio.com.au/
email@planbuild.net,1058,http://www.planbuildadelaide.com.au/
hello@sdarch.com.au,1057,http://sdarch.com.au/
contact@antarch.com.au,1056,https://antoniades.com.au/
importdata-1055@businesslocal.com.au,1055,http://www.ourvision.com.au/
importdata-1054@businesslocal.com.au,1054,http://jasperbrownarchitects.com/
importdata-1053@businesslocal.com.au,1053,http://www.wdarchitects.com.au/
importdata-1052@businesslocal.com.au,1052,http://www.hughgordonarchitect.com.au/
info@gilarchitects.com,1051,http://gilarchitects.com/
importdata-1050@businesslocal.com.au,1050,http://www.henrivanrietarchitect.com.au/
importdata-1049@businesslocal.com.au,1049,http://www.dwaarch.com.au/
importdata-1048@businesslocal.com.au,1048,http://www.bentleyarchitects.au/
INFO@BLACKMOREDESIGN.COM.AU,1047,http://www.blackmoredesign.com.au/
importdata-1046@businesslocal.com.au,1046,http://www.fvarch.com/
info@studiourbo.com,1045,http://studiourbo.com/
importdata-1044@businesslocal.com.au,1044,http://www.greensquaredesign.com.au/
importdata-1043@businesslocal.com.au,1043,http://www.m2a.com.au/
importdata-1042@businesslocal.com.au,1042,https://www.noblearchitecture.com.au/
P.Willis@rdarch.com.au,1041,http://reddoorarchitecture.com.au/
importdata-1040@businesslocal.com.au,1040,http://www.couvaras.com/
info@wilmarschutz.com,1039,https://wilmarschutz.com/
importdata-1038@businesslocal.com.au,1038,http://www.chanarchitecture.com.au/
importdata-1037@businesslocal.com.au,1037,https://n2sh.net/
kieron@kierongait.com.au,1036,http://kierongait.com.au/
importdata-1035@businesslocal.com.au,1035,http://www.deandysonarchitects.com.au/
importdata-1034@businesslocal.com.au,1034,http://catalystarchitects.com.au/
info@ironbarkarchitecture.com.au,1033,http://www.ironbarkarchitecture.com.au/
marketing@mcaslan.co.uk,1032,https://www.mcaslan.co.uk/
importdata-1031@businesslocal.com.au,1031,https://www.refreshinghomes.com.au/
importdata-1030@businesslocal.com.au,1030,http://www.archin.com.au/
christopher@m-a.com.au,1029,http://www.m-a.com.au/
LHigginbotham@groupgsa.com,1028,https://groupgsa.com/?utm_source=google&utm_medium=organic&utm_campaign=gbp_sydney
info@auhaus.com.au,1027,http://auhaus.com.au/
cbg@cbgarchitects.com.au,1026,https://cbgarchitects.com.au/
importdata-1025@businesslocal.com.au,1025,https://www.mimaarchitects.com.au/
importdata-1024@businesslocal.com.au,1024,http://www.farnanfindlay.com.au/
importdata-1023@businesslocal.com.au,1023,http://www.derekraithby.com.au/
shireen.hoffmann@thomsonadsett.com,1022,https://thomsonadsett.com/
importdata-1021@businesslocal.com.au,1021,http://www.roth.com.au/
importdata-1020@businesslocal.com.au,1020,http://www.neerimprojectdesign.com.au/
reception@selectarchitects.com.au,1019,http://www.selectarchitects.com.au/
importdata-1018@businesslocal.com.au,1018,http://slassociates.com.au/
importdata-1017@businesslocal.com.au,1017,https://www.costiarchitects.com.au/
info@snarchitects.com.au,1016,https://www.snarchitects.com.au/
importdata-1015@businesslocal.com.au,1015,http://holmesbydesign.com.au/
electrocuted@powerup.com.au,1014,http://www.rogertoddarchitect.com.au/
importdata-1013@businesslocal.com.au,1013,http://www.vantagearchitecture.com.au/
importdata-1012@businesslocal.com.au,1012,http://www.contentstudio.com.au/
malcolm@tribestudio.com.au,1011,https://www.tribestudio.com.au/
importdata-1010@businesslocal.com.au,1010,http://www.pandastudio.com.au/
importdata-1009@businesslocal.com.au,1009,http://www.cubeco.com.au/
importdata-1008@businesslocal.com.au,1008,https://www.westgarthstudio.com.au/
importdata-1007@businesslocal.com.au,1007,http://gpgarchitecture.com.au/
importdata-1006@businesslocal.com.au,1006,http://www.davisarchitects.com.au/
info@jakebarrowarchitecture.com,1005,http://jakebarrowarchitecture.com/
importdata-1004@businesslocal.com.au,1004,http://www.feas.com.au/
importdata-1003@businesslocal.com.au,1003,http://www.simswhite.com.au/
admin@morriarchi.com.au,1002,https://www.morriarchi.com.au/?utm_source=google&utm_medium=organic&utm_campaign=gmb
admin@regionalarchitect.com.au,1001,http://www.regionalarchitect.com.au/
greg@dicksonarchitecture.com,1000,https://dicksonarchitecture.com/
importdata-999@businesslocal.com.au,999,http://www.become.com.au/
importdata-998@businesslocal.com.au,998,http://sparc.net.au/about/
nina@enframe.com.au,997,https://www.enframe.com.au/
hello@studiojohnston.com.au,996,http://studiojohnston.com.au/
importdata-995@businesslocal.com.au,995,http://www.robinsonarchitecture.net/
admin@nickbellarchitects.com,994,http://nickbellarchitects.com/
importdata-993@businesslocal.com.au,993,http://www.mhndu.com/
importdata-992@businesslocal.com.au,992,http://www.freemanarchi.com/
info@mapsolutionsbrisbane.com.com,991,http://mapsolutionsbrisbane.com/
importdata-990@businesslocal.com.au,990,http://www.finkmcmahon.com.au/
importdata-989@businesslocal.com.au,989,http://www.rdarchitecture.com.au/
importdata-988@businesslocal.com.au,988,http://www.nicowenarchitects.com.au/
importdata-987@businesslocal.com.au,987,http://www.electrolight.com/
importdata-986@businesslocal.com.au,986,http://www.adhamipenderarchitecture.com/
melbourne@pvh.com.au,985,http://www.pvh.com.au/
importdata-984@businesslocal.com.au,984,https://www.techne.com.au/
brad@ashcroftarchitects.com.au,983,http://ashcroftarchitects.com.au/
anna@annaogorman.com,982,https://www.annaogorman.com/?utm_source=GBP&utm_medium=organic&utm_campaign=office
importdata-981@businesslocal.com.au,981,https://www.guymerbailey.com.au/
importdata-980@businesslocal.com.au,980,http://www.wbdg.com.au/?utm_source=google&utm_medium=wix_google_business_profile&utm_campaign=17368738303951913488
support@your-domain.com,979,http://peakarchitects.com.au/
hans@livingcolourstudio.com.au,978,https://livingcolourstudio.com.au/
info@lukestanleyarchitects.com,977,http://www.lukestanleyarchitects.com/
admin@dunnhillam.com.au,976,http://dunnhillam.com.au/
importdata-975@businesslocal.com.au,975,http://www.thedesign.au/
importdata-974@businesslocal.com.au,974,http://www.mimardesign.com.au/
importdata-973@businesslocal.com.au,973,http://thirdvoice.com.au/
importdata-972@businesslocal.com.au,972,http://www.gadkearchitects.com.au/
sophie@ssdstudio.com.au,971,https://www.ssdstudio.com.au/
hr@kerstinthompson.com,970,http://www.kerstinthompson.com/
importdata-969@businesslocal.com.au,969,https://www.mldstudio.com.au/selection-of-work
importdata-968@businesslocal.com.au,968,http://dugdale.com.au/
importdata-967@businesslocal.com.au,967,https://www.jamesmanie.com.au/
careers@bpsm.com.au,966,http://www.bpsm.com.au/
importdata-965@businesslocal.com.au,965,https://www.instagram.com/6sidesarch/
importdata-964@businesslocal.com.au,964,http://www.liquidarchitecturenewcastle.com.au/
enquiries@lhlk.com.au,963,http://lhlk.com.au/
importdata-962@businesslocal.com.au,962,https://ferrochow.com/
qiarchitectswa@gmail.com,961,http://www.qiarchitects.com.au/?utm_source=google&utm_medium=wix_google_business_profile&utm_campaign=10954990215605285130
info@steelehouse.com.au,960,https://www.steelehouse.com.au/
projects@arcstudios.com.au,959,http://www.arcstudios.com.au/
info@cortesearchitects.com.au,958,http://www.cortesearchitects.com.au/
importdata-957@businesslocal.com.au,957,http://lvaarchitects.com.au/
importdata-956@businesslocal.com.au,956,http://www.evolva.com.au/
importdata-955@businesslocal.com.au,955,http://www.richardcolearchitecture.com.au/
info@rnarchitect.com.au,954,https://rnarchitect.com.au/
admin@lbd.net.au,953,https://lbd.net.au/
importdata-952@businesslocal.com.au,952,http://www.hodgkison.com/
importdata-951@businesslocal.com.au,951,http://www.nvisage.com.au/
camp.arch01@gmail.com,950,https://www.architectsunshinecoast.com/
careers@herestudio.net,949,https://www.herestudio.net/
info@crosbyarchitects.com.au,948,https://crosbyarchitects.com.au/
importdata-947@businesslocal.com.au,947,http://www.paarchitects.com.au/
info@parallelworkshop.com.au,946,http://parallelworkshop.com.au/
importdata-945@businesslocal.com.au,945,http://www.wgarchitect.com.au/
info@dmgaustralia.com.au,944,http://dmgaustralia.com.au/
importdata-943@businesslocal.com.au,943,http://www.thelander.com.au/
office@markgratwickarchitects.com,942,http://www.markgratwickarchitects.com/
studio@alexandrabuchanan.com,941,http://alexandrabuchanan.com/
importdata-940@businesslocal.com.au,940,http://amao.com.au/
importdata-939@businesslocal.com.au,939,http://atelier41.com.au/
reception@allmanjohnston.com.au,938,http://www.allmanjohnston.com.au/
neal.mackintosh@jawsarchitects.com,937,http://www.jawsarchitects.com/
importdata-936@businesslocal.com.au,936,https://www.banham.com.au/
info@g2architects.com.au,935,http://g2architects.com.au/
importdata-934@businesslocal.com.au,934,https://arthurvellissarchitects.com.au/
importdata-933@businesslocal.com.au,933,http://www.ardentarchitects.com/
importdata-932@businesslocal.com.au,932,https://patbromilow.com/
importdata-931@businesslocal.com.au,931,http://www.jlarchitect.com.au/
importdata-930@businesslocal.com.au,930,http://michiruhigginbotham.com.au/
importdata-929@businesslocal.com.au,929,http://imogenpullar.com/
careers@chtarchitects.com.au,928,https://www.chtarchitects.com.au/
jeff@11dimensions.com.au,927,http://www.11dimensions.com.au/
importdata-926@businesslocal.com.au,926,http://www.ekarchitecture.com.au/
shelley@indykarchitects.com.au,925,http://www.indykarchitects.com.au/
importdata-924@businesslocal.com.au,924,http://www.ogeearch.com/
carolyn@cmarchitects.com.au,923,https://cmarchitects.com.au/
importdata-922@businesslocal.com.au,922,http://www.benthomas-architects.com/
importdata-921@businesslocal.com.au,921,http://www.adearchitects.com/
importdata-920@businesslocal.com.au,920,http://www.facetstudio.com.au/
importdata-919@businesslocal.com.au,919,http://www.wiesebrock.com.au/
info@fldc.com.au,918,http://fldc.com.au/
importdata-917@businesslocal.com.au,917,https://www.catherinebaudet.com.au/
info@okeefearchitects.com.au,916,http://okeefearchitects.com.au/
mail@robkennon.com,915,http://robkennon.com/
importdata-914@businesslocal.com.au,914,http://www.hbvarchitects.com.au/
importdata-913@businesslocal.com.au,913,http://www.ngsanders.com/
importdata-912@businesslocal.com.au,912,http://www.norda.net.au/
importdata-911@businesslocal.com.au,911,http://bennettarchitecture.com.au/
info@poppybevan.com,910,http://poppybevan.com/
importdata-909@businesslocal.com.au,909,https://foregroundarchitecture.com.au/
importdata-908@businesslocal.com.au,908,https://aodesignstudio.com.au/
importdata-907@businesslocal.com.au,907,https://www.iadesign.com/
importdata-906@businesslocal.com.au,906,http://www.mana.net.au/
info@dearch.com.au,905,https://dearch.com.au/
scolegate@marchesepartners.com,904,https://marchesepartners.com/
importdata-903@businesslocal.com.au,903,https://kimmurrayarchitect.com/
importdata-902@businesslocal.com.au,902,http://www.tparchitects.com.au/
architects@matyasarchitects.com.au,901,http://matyasarchitects.com.au/
admin@laniganarchitects.com.au,900,http://www.laniganarchitects.com.au/
importdata-899@businesslocal.com.au,899,https://tentendesign.com/
matt@arcke.com.au,898,http://arcke.com.au/
importdata-897@businesslocal.com.au,897,https://www.schimmingerdbl.com.au/
importdata-896@businesslocal.com.au,896,http://www.welshmajor.com/
info@desyne.com.au,895,http://desyne.com.au/
importdata-894@businesslocal.com.au,894,http://www.dwp.design/
importdata-893@businesslocal.com.au,893,http://www.tug.com.au/
studio@eoghanlewis.com.au,892,http://eoghanlewis.com.au/
design@designaa.com.au,891,http://designaa.com.au/
info@hspc.com.au,890,http://www.hspc.com.au/
importdata-889@businesslocal.com.au,889,https://www.teasdell.com/
importdata-888@businesslocal.com.au,888,http://www.meloccomoore.com.au/
studio@brkspr.com,887,http://www.brkspr.com/
importdata-886@businesslocal.com.au,886,http://www.murraybarker.com/
importdata-885@businesslocal.com.au,885,http://rmrarchitects.com.au/
info@eastwoodbrisbane.com.au,884,http://www.kriskowalski.com.au/
info@keenarchitecture.com.au,883,http://www.keenarchitecture.com.au/
harry@poulos.com.au,882,http://www.poulos.com.au/
lachlan@solomontroup.com.au,881,http://www.solomontroup.com.au/
info@ltaarchitects.com.au,880,http://www.ltaarchitects.com.au/
studio@alwill.com.au,879,http://alwill.com.au/
info@poliurban.com.au,878,http://www.poliurban.com.au/
sydney@chrofi.com,877,http://www.chrofi.com/
importdata-876@businesslocal.com.au,876,http://www.armstrongco.com.au/
info@twarchitects.com.au,875,http://www.twarchitects.com.au/
importdata-874@businesslocal.com.au,874,http://passarellidesigns.com.au/
importdata-873@businesslocal.com.au,873,https://hannaarchitects.com.au/
importdata-872@businesslocal.com.au,872,http://www.zsarchitects.com.au/
kev@newheights.com.au,871,http://www.mtarch.com.au/
reception@adelaide.designinc.com.au,870,http://www.designinc.com.au/
enquiries@ppbs.com.au,869,http://www.ppbs.com.au/
importdata-868@businesslocal.com.au,868,http://www.thetrinitygroup.design/
importdata-867@businesslocal.com.au,867,http://www.rfaarchitects.com.au/
importdata-866@businesslocal.com.au,866,http://www.scopearchitects.com.au/
importdata-865@businesslocal.com.au,865,http://daveyarchitecturestudio.com.au/
importdata-864@businesslocal.com.au,864,http://www.ddmco.com.au/
importdata-863@businesslocal.com.au,863,http://www.seeleyarchitects.com.au/
importdata-862@businesslocal.com.au,862,http://www.gerzina.com.au/
importdata-861@businesslocal.com.au,861,http://www.owendavidarchitecture.com/
importdata-860@businesslocal.com.au,860,http://www.vaughanarchitects.com.au/contact.php
admin@pulsepl.com,859,https://www.pulsepl.com/
importdata-858@businesslocal.com.au,858,http://www.placearchitects.net.au/
paul@katzarchitecture.com.au,857,https://katzarchitecture.com.au/
studio@coso.com.au,856,http://coso.com.au/
importdata-855@businesslocal.com.au,855,http://www.cradledesign.com.au/
importdata-854@businesslocal.com.au,854,http://seaboard.com.au/
info@dimondarchitects.com.au,853,http://www.dimondarchitects.com.au/?utm_source=google&utm_medium=wix_google_business_profile&utm_campaign=30450069446719520
hola@villaandvilla.com.au,852,http://villaandvilla.com.au/
importdata-851@businesslocal.com.au,851,http://www.tobiaspartners.com/
importdata-850@businesslocal.com.au,850,https://b2architecture.com.au/
projects@havarc.com,849,http://www.havarc.com/
importdata-848@businesslocal.com.au,848,https://studiotwelve.com.au/
importdata-847@businesslocal.com.au,847,http://ntc-a.com.au/
importdata-846@businesslocal.com.au,846,http://www.rtarchitects.com.au/
importdata-845@businesslocal.com.au,845,http://www.thequinlangroup.com/
importdata-844@businesslocal.com.au,844,https://www.lichtarchitecture.com.au/
adrian.y@watsonyoung.com.au,843,https://www.watsonyoung.com.au/
importdata-842@businesslocal.com.au,842,http://www.noho.com.au/
melbourne@pvh.com.au,841,http://www.pvh.com.au/
importdata-840@businesslocal.com.au,840,http://kasarchitects.wix.com/main
importdata-839@businesslocal.com.au,839,http://www.aej.com.au/
formaf@bigpond.com,838,http://www.formarchitecturefurniture.com.au/
importdata-837@businesslocal.com.au,837,http://www.architectsonline.net.au/
mail@s2design.com.au,836,https://www.s2design.com.au/
importdata-835@businesslocal.com.au,835,http://mtarchitect.com.au/
importdata-834@businesslocal.com.au,834,http://www.gdddesigngroup.com/
info@energyarchitecture.com,833,http://www.energyarchitecture.com.au/
importdata-832@businesslocal.com.au,832,http://www.rmdesigners.com/
importdata-831@businesslocal.com.au,831,http://www.silvesterfuller.com/
importdata-830@businesslocal.com.au,830,http://www.ndarchitects.com.au/
info@jamarchitects.com.au,829,http://jamarchitects.com.au/
importdata-828@businesslocal.com.au,828,http://www.mcarbonedesign.com.au/
importdata-827@businesslocal.com.au,827,http://mooiarchitects.com/
importdata-826@businesslocal.com.au,826,http://umearchitecture.au/
sam@samteoh.com.au,825,http://www.samteoh.com.au/
importdata-824@businesslocal.com.au,824,https://grovearchitects.com.au/
importdata-823@businesslocal.com.au,823,http://www.mdpa.com.au/
nicholas@nma.net.au,822,http://nma.net.au/
rashmiharalalka@gmail.com,821,http://www.houzz.com.au/pro/nicholasgioiaarchitects/nicholas-gioia-architects
info@assemblage.com.au,820,http://www.assemblage.com.au/
paul@paulhofmanarchitect.com.au,819,http://paulhofmanarchitect.com.au/
resume@kennedynolan.com.au,818,http://kennedynolan.com.au/
importdata-817@businesslocal.com.au,817,http://www.lightwave.com.au/?utm_source=google&utm_medium=wix_google_business_profile&utm_campaign=16772976944682334720
importdata-816@businesslocal.com.au,816,http://elementarchitects.com.au/
importdata-815@businesslocal.com.au,815,http://cameron-co.net/
stevenswain@tessellate.com.au,814,http://tessellate.com.au/
importdata-813@businesslocal.com.au,813,http://www.sandboxstudio.com.au/
info@energyarchitecture.com,812,http://www.energyarchitecture.com.au/
importdata-811@businesslocal.com.au,811,http://esdastudio.com.au/
info@jostarchitects.com,810,https://jostarchitects.com/
marcus@marcusoreilly.com,809,http://www.marcusoreilly.com/
info@collierarchitects.com,808,http://www.collierarchitects.com/
importdata-807@businesslocal.com.au,807,http://www.stephenrofailarchitect.com.au/
contact@cristinagomes.com,806,http://www.cristinagomes.com/
importdata-805@businesslocal.com.au,805,http://pbartonarchitects.com.au/
